{
    "root_group": {
        "name": "",
        "path": "",
        "id": "d41d8cd98f00b204e9800998ecf8427e",
        "groups": {},
        "checks": {}
    },
    "metrics": {
        "http_req_duration{expected_response:true}": {
            "max": 224.4,
            "p(90)": 116.9757,
            "p(95)": 213.22629999999995,
            "avg": 115.7214333333334,
            "min": 99.217,
            "med": 106.65700000000001
        },
        "http_reqs": {
            "count": 90,
            "rate": 8.564368269358136
        },
        "vus": {
            "value": 10,
            "min": 10,
            "max": 10
        },
        "http_req_tls_handshaking": {
            "avg": 12.731233333333332,
            "min": 0,
            "med": 0,
            "max": 118.039,
            "p(90)": 110.232,
            "p(95)": 114.8963
        },
        "http_req_waiting": {
            "avg": 107.39548888888886,
            "min": 98.687,
            "med": 106.313,
            "max": 117.536,
            "p(90)": 114.4158,
            "p(95)": 115.0105
        },
        "http_req_receiving": {
            "p(90)": 0.3069000000000004,
            "p(95)": 103.02094999999997,
            "avg": 8.278266666666669,
            "min": 0.011,
            "med": 0.07200000000000001,
            "max": 110.212
        },
        "iterations": {
            "count": 90,
            "rate": 8.564368269358136
        },
        "http_req_duration": {
            "max": 224.4,
            "p(90)": 116.9757,
            "p(95)": 213.22629999999995,
            "avg": 115.7214333333334,
            "min": 99.217,
            "med": 106.65700000000001
        },
        "http_req_blocked": {
            "med": 0.007,
            "max": 259.039,
            "p(90)": 241.73080000000002,
            "p(95)": 249.1156,
            "avg": 27.77403333333334,
            "min": 0.002
        },
        "iteration_duration": {
            "avg": 1145.1137472333337,
            "min": 1099.917292,
            "med": 1109.456937,
            "max": 1376.552542,
            "p(90)": 1346.5685701999998,
            "p(95)": 1359.30122895
        },
        "http_req_failed": {
            "passes": 0,
            "fails": 90,
            "value": 0
        },
        "vus_max": {
            "max": 10,
            "value": 10,
            "min": 10
        },
        "http_req_sending": {
            "avg": 0.04767777777777776,
            "min": 0.005,
            "med": 0.0215,
            "max": 1.26,
            "p(90)": 0.046,
            "p(95)": 0.057049999999999955
        },
        "data_sent": {
            "count": 12260,
            "rate": 1166.6572775814527
        },
        "data_received": {
            "count": 1090406,
            "rate": 103762.65052353032
        },
        "http_req_connecting": {
            "avg": 11.626255555555556,
            "min": 0,
            "med": 0,
            "max": 110.317,
            "p(90)": 97.66640000000001,
            "p(95)": 103.247
        }
    }
}